type,source,target,sha256,byte_size,source_commit,provenance_status,import_rewrite_status,target_test_id
font,fonts/font.ttf,assets/lumin_graphics/fonts/font.ttf,6ed1553edccddc48eb27ff25d134a4a715cf54211238d4840b3038576cba1944,8227312,181ece162e9f8618fe57281bb6ee29cc2c542579,source-repository; license-review-required,not-applicable,RES-FONT-BYTES
font,fonts/icons.ttf,assets/lumin_graphics/fonts/icons.ttf,2018ce73aea383668a8ba3a38241aaf13811323636ea75a62138777071816fd4,1373900,181ece162e9f8618fe57281bb6ee29cc2c542579,source-repository; license-review-required,not-applicable,RES-FONT-BYTES
font,fonts/jura-light.ttf,assets/lumin_graphics/fonts/jura-light.ttf,c607f9ffb2435595f39cd55adc13269e93e0cee24b9dc6f1b17d1fded1d4e710,154312,181ece162e9f8618fe57281bb6ee29cc2c542579,source-repository; license-review-required,not-applicable,RES-FONT-BYTES
font,fonts/osakachips.ttf,assets/lumin_graphics/fonts/osakachips.ttf,c0a73019fb3c60089f75985ec6094fba5a639df87895a52a81d31ce08dbd5705,24832,181ece162e9f8618fe57281bb6ee29cc2c542579,source-repository; license-review-required,not-applicable,RES-FONT-BYTES
shader,shaders/blur_3d_box.fsh,assets/lumin_graphics/shaders/blur_3d_box.fsh,673f1c61ff22b7a8decc6ffdf20a8361ec4c9196f2bfe8ae7f4347f5f7ea8204,757,181ece162e9f8618fe57281bb6ee29cc2c542579,source-repository; license-review-required,not-applicable,RES-SHADER-BYTES
shader,shaders/blur_3d_box.vsh,assets/lumin_graphics/shaders/blur_3d_box.vsh,1dd0afc8ca88818ede33c9fe9083a832630e70e79503eda43475caa29ab41f73,232,181ece162e9f8618fe57281bb6ee29cc2c542579,source-repository; license-review-required,rewrite-required-todo10,RES-MOJ-IMPORT-REWRITE
shader,shaders/blur.fsh,assets/lumin_graphics/shaders/blur.fsh,cb45156a949efb14fbdb0f90209e6f427017592bff4c544f7a18f991d56708df,2286,181ece162e9f8618fe57281bb6ee29cc2c542579,source-repository; license-review-required,not-applicable,RES-SHADER-BYTES
shader,shaders/blur.vsh,assets/lumin_graphics/shaders/blur.vsh,664b6114b103cfdca0be3b794a1c4224f1ba5fc31b3ae264d1e976992788ef63,278,181ece162e9f8618fe57281bb6ee29cc2c542579,source-repository; license-review-required,not-applicable,RES-SHADER-BYTES
shader,shaders/filter.fsh,assets/lumin_graphics/shaders/filter.fsh,cd83719d5570d2911fa54c0f96919d179e5c6e8cf2930ad7a48cd8eef5685520,390,181ece162e9f8618fe57281bb6ee29cc2c542579,source-repository; license-review-required,not-applicable,RES-SHADER-BYTES
shader,shaders/fxaa.fsh,assets/lumin_graphics/shaders/fxaa.fsh,682d2e37034114e2462fb793b4e8d0a850fcae18013a3900f8fd1a1766f27798,2253,181ece162e9f8618fe57281bb6ee29cc2c542579,source-repository; license-review-required,not-applicable,RES-SHADER-BYTES
shader,shaders/menu/alien_terrain.fsh,assets/lumin_graphics/shaders/menu/alien_terrain.fsh,ec3080e1a273fb07accde671d24db1336f48392c370421c56025338820c248fc,8418,181ece162e9f8618fe57281bb6ee29cc2c542579,source-repository; license-review-required,not-applicable,RES-SHADER-BYTES
shader,shaders/menu/black_hole.fsh,assets/lumin_graphics/shaders/menu/black_hole.fsh,d8990b06049848802760ab2a279e9b2a1aaa4a44880bb5ab6741ee0cc54e4fa1,6966,181ece162e9f8618fe57281bb6ee29cc2c542579,source-repository; license-review-required,not-applicable,RES-SHADER-BYTES
shader,shaders/menu/clouds.fsh,assets/lumin_graphics/shaders/menu/clouds.fsh,e64e8b5195c2b4f082191c6129a6040b965ef9c8e8de9ee2aecef24885b34704,7416,181ece162e9f8618fe57281bb6ee29cc2c542579,source-repository; license-review-required,not-applicable,RES-SHADER-BYTES
shader,shaders/menu/inferno.fsh,assets/lumin_graphics/shaders/menu/inferno.fsh,3ce313700fb78e1f368d35d40edb7026607c8ce4e81ba680a0271681ab3b743f,4484,181ece162e9f8618fe57281bb6ee29cc2c542579,source-repository; license-review-required,not-applicable,RES-SHADER-BYTES
shader,shaders/menu/minecraft.fsh,assets/lumin_graphics/shaders/menu/minecraft.fsh,16acdc0ed7080c24eff14c918cd2f65ba94f110f62799b748abaa7ea281a77eb,5428,181ece162e9f8618fe57281bb6ee29cc2c542579,source-repository; license-review-required,not-applicable,RES-SHADER-BYTES
shader,shaders/menu/planet.fsh,assets/lumin_graphics/shaders/menu/planet.fsh,a47257018170094383e69905faa4875668eca2f4c33ce7254d19f3177ddbc580,45396,181ece162e9f8618fe57281bb6ee29cc2c542579,source-repository; license-review-required,not-applicable,RES-SHADER-BYTES
shader,shaders/menu/sea_level.fsh,assets/lumin_graphics/shaders/menu/sea_level.fsh,e2bfe845619b325670fdea45770ecbc9904682cfd670d1475b3efa43756b0d83,1195,181ece162e9f8618fe57281bb6ee29cc2c542579,source-repository; license-review-required,not-applicable,RES-SHADER-BYTES
shader,shaders/rectangle.fsh,assets/lumin_graphics/shaders/rectangle.fsh,4cc56a70a2495cc4eaaa3d23edecd993ba983e690d4e63971eac8d7ee90acea8,123,181ece162e9f8618fe57281bb6ee29cc2c542579,source-repository; license-review-required,not-applicable,RES-SHADER-BYTES
shader,shaders/rectangle.vsh,assets/lumin_graphics/shaders/rectangle.vsh,3236000790b887bfdf9903057615b4d3d6817d1754af95998899eb6e83920aa7,296,181ece162e9f8618fe57281bb6ee29cc2c542579,source-repository; license-review-required,rewrite-required-todo10,RES-MOJ-IMPORT-REWRITE
shader,shaders/round_rectangle_outline.fsh,assets/lumin_graphics/shaders/round_rectangle_outline.fsh,b5f6161b79e6c5dc325a9233a7efabbf356dfc4cabade45755b782cdb0606436,1047,181ece162e9f8618fe57281bb6ee29cc2c542579,source-repository; license-review-required,not-applicable,RES-SHADER-BYTES
shader,shaders/round_rectangle_outline.vsh,assets/lumin_graphics/shaders/round_rectangle_outline.vsh,b3a5cf997a3e9638f5aa68998081bf669556f7f1c70b08687b0c2e82faaf419f,656,181ece162e9f8618fe57281bb6ee29cc2c542579,source-repository; license-review-required,rewrite-required-todo10,RES-MOJ-IMPORT-REWRITE
shader,shaders/round_rectangle.fsh,assets/lumin_graphics/shaders/round_rectangle.fsh,bcfa4416b9535e7031bc0923a8c0dcc27e5c603768d160fa1fd4ac6a11ba1494,796,181ece162e9f8618fe57281bb6ee29cc2c542579,source-repository; license-review-required,not-applicable,RES-SHADER-BYTES
shader,shaders/round_rectangle.vsh,assets/lumin_graphics/shaders/round_rectangle.vsh,969d9448dd3e03e9b93c5fb1425d1abe846037fe078e06d65e81f9ab2ba96c28,550,181ece162e9f8618fe57281bb6ee29cc2c542579,source-repository; license-review-required,rewrite-required-todo10,RES-MOJ-IMPORT-REWRITE
shader,shaders/segmented_shadow.fsh,assets/lumin_graphics/shaders/segmented_shadow.fsh,b53e61412622aeaf822f6efe8f1942540dd0a1e8f179e7c3241c0bbf3f96e98f,2980,181ece162e9f8618fe57281bb6ee29cc2c542579,source-repository; license-review-required,not-applicable,RES-SHADER-BYTES
shader,shaders/segmented_shadow.vsh,assets/lumin_graphics/shaders/segmented_shadow.vsh,456a13d843d31e06bf8ace2ad39cad15ee6d9d4607c2d9bde9794cc413ea1446,300,181ece162e9f8618fe57281bb6ee29cc2c542579,source-repository; license-review-required,rewrite-required-todo10,RES-MOJ-IMPORT-REWRITE
shader,shaders/shader_copy.fsh,assets/lumin_graphics/shaders/shader_copy.fsh,616ea2cdfc7e3458920a598a4f699f5cf9bea066beb0777b8d0f383ecb82409d,298,181ece162e9f8618fe57281bb6ee29cc2c542579,source-repository; license-review-required,not-applicable,RES-SHADER-BYTES
shader,shaders/shader_fade.fsh,assets/lumin_graphics/shaders/shader_fade.fsh,a2f15bc67f32b74f57330c8c800c9a9d02ac9e1b69fa961d7fe1325c444bf4bd,2375,181ece162e9f8618fe57281bb6ee29cc2c542579,source-repository; license-review-required,not-applicable,RES-SHADER-BYTES
shader,shaders/shader_glow.fsh,assets/lumin_graphics/shaders/shader_glow.fsh,cba81099ed8385054d09cf27698124dab144aa80a78dddceb44d118cb4c8f4a2,2029,181ece162e9f8618fe57281bb6ee29cc2c542579,source-repository; license-review-required,not-applicable,RES-SHADER-BYTES
shader,shaders/shader_gradient.fsh,assets/lumin_graphics/shaders/shader_gradient.fsh,6f3545a9b859c9c05349ecc42cbd1c4d3370a9ad69fef0c0fedbf614c64097d3,3463,181ece162e9f8618fe57281bb6ee29cc2c542579,source-repository; license-review-required,not-applicable,RES-SHADER-BYTES
shader,shaders/shader_outline.fsh,assets/lumin_graphics/shaders/shader_outline.fsh,25f3849a50e1b3343475c88b4ad0cd3312ddfd923b4fd4476b1542b6514d8a7e,2170,181ece162e9f8618fe57281bb6ee29cc2c542579,source-repository; license-review-required,not-applicable,RES-SHADER-BYTES
shader,shaders/shader_smoke.fsh,assets/lumin_graphics/shaders/shader_smoke.fsh,abf65890b7b810901432fed984f103961705dadf24808e24dbf04597e75f28a0,4447,181ece162e9f8618fe57281bb6ee29cc2c542579,source-repository; license-review-required,not-applicable,RES-SHADER-BYTES
shader,shaders/shader_snow.fsh,assets/lumin_graphics/shaders/shader_snow.fsh,1bd69eb645a69e209dd7f3f80e3126aca4c15213eea9c8f71b1918ccc2e3befd,2633,181ece162e9f8618fe57281bb6ee29cc2c542579,source-repository; license-review-required,not-applicable,RES-SHADER-BYTES
shader,shaders/shadow.fsh,assets/lumin_graphics/shaders/shadow.fsh,2b706e2e38117e4e6bb87846b5c594e31a99dcccb88a2ac62499097482965987,2904,181ece162e9f8618fe57281bb6ee29cc2c542579,source-repository; license-review-required,not-applicable,RES-SHADER-BYTES
shader,shaders/shadow.vsh,assets/lumin_graphics/shaders/shadow.vsh,3eff0d973d853238e4caea3f47fe561bae5fab214779390cfb3c4c25e6e12f36,613,181ece162e9f8618fe57281bb6ee29cc2c542579,source-repository; license-review-required,rewrite-required-todo10,RES-MOJ-IMPORT-REWRITE
shader,shaders/texture.fsh,assets/lumin_graphics/shaders/texture.fsh,3876af10845f639b1d810ea4dd956f59bb851dc9bb924709a8bf8e0c2aa2604c,1027,181ece162e9f8618fe57281bb6ee29cc2c542579,source-repository; license-review-required,not-applicable,RES-SHADER-BYTES
shader,shaders/texture.vsh,assets/lumin_graphics/shaders/texture.vsh,ed45be24dc1fea8ade03aafb88f0fc75c5142a5aa7d1e5f788591b0f9d3530d2,630,181ece162e9f8618fe57281bb6ee29cc2c542579,source-repository; license-review-required,rewrite-required-todo10,RES-MOJ-IMPORT-REWRITE
shader,shaders/triangle.fsh,assets/lumin_graphics/shaders/triangle.fsh,6b14a06cd1a6d636e8d112fbf08fb5d11b188be82dfda13ddc99bb5c5f81c204,343,181ece162e9f8618fe57281bb6ee29cc2c542579,source-repository; license-review-required,not-applicable,RES-SHADER-BYTES
shader,shaders/triangle.vsh,assets/lumin_graphics/shaders/triangle.vsh,8d0193c222b9da4496537a204f6a75d3b70ceb77bc7d067f46ca7ab7ce6bb955,523,181ece162e9f8618fe57281bb6ee29cc2c542579,source-repository; license-review-required,rewrite-required-todo10,RES-MOJ-IMPORT-REWRITE
shader,shaders/ttf_font_aa.fsh,assets/lumin_graphics/shaders/ttf_font_aa.fsh,0cab0843f4bad164bc8428ef8dffd9da306e9eae45c354aee2b1e4809022b9d4,1101,181ece162e9f8618fe57281bb6ee29cc2c542579,source-repository; license-review-required,not-applicable,RES-SHADER-BYTES
shader,shaders/ttf_font_no_aa.fsh,assets/lumin_graphics/shaders/ttf_font_no_aa.fsh,d3847e6390f009533a40d8bd3edb61b9df64d9e1b4c85860beea8fe0953f08b7,414,181ece162e9f8618fe57281bb6ee29cc2c542579,source-repository; license-review-required,not-applicable,RES-SHADER-BYTES
shader,shaders/ttf_font.vsh,assets/lumin_graphics/shaders/ttf_font.vsh,316bfaec0cb8167f55eef3f4221fcec284d9979411837bf55c0bd5bd379abc05,397,181ece162e9f8618fe57281bb6ee29cc2c542579,source-repository; license-review-required,rewrite-required-todo10,RES-MOJ-IMPORT-REWRITE
